"","ecgapstart","ecgapend","salgapstart","salgapend"
"1",5009,5633,5009,5072
"5",13330,17386,2678889,46086
"16",39627,43010,1437092,1434678
"18",43861,45793,1433820,92163
"20",58179,47259,109236,93877
"25",65852,66566,4629639,3863947
"26",65853,66572,3864662,2721988
"27",66619,66732,2722035,2721977
"28",66789,66845,2722035,118087
"30",72173,72221,4837087,227679
"32",78450,78854,2308555,129063
"35",80391,84033,373255,134237
"39",91516,100748,1935245,151126
"42",110910,111002,2031754,161504
"47",121040,121505,4139922,624281
"50",125918,125713,179753,179245
"51",126278,126019,179801,178933
"52",126597,126316,179523,178927
"55",127859,127782,3877296,1846766
"56",127851,127782,1846835,116220
"59",127867,127798,4111953,812445
"61",127776,127839,2928124,2634140
"63",127798,127859,4382633,4169623
"65",127767,127876,4215576,671017
"67",127769,127881,3971386,180978
"72",138629,138835,198138,198220
"76",147186,147557,3967357,538276
"79",149672,157311,213348,213456
"81",164532,164651,220781,220844
"86",173502,173609,2451465,237218
"87",174935,175000,238545,238554
"95",190726,190701,3734489,2928057
"96",190621,190704,2928137,2634133
"98",190621,190734,2895880,2680639
"99",190627,190734,2680745,671017
"105",192647,192717,3960733,1184988
"106",192647,192717,1185059,906847
"107",192647,192717,906918,351537
"111",192764,192720,3317037,2427484
"113",192719,192760,3960599,351433
"117",192647,192764,4753833,906738
"119",192719,192801,1184925,257077
"125",222235,222220,726937,572407
"127",225361,223559,4396266,4195850
"129",225462,223559,4352822,4099923
"130",225361,225361,4101722,3570417
"134",226927,225477,4354357,290955
"136",225578,225507,2531915,818992
"139",225562,225575,2532137,2528938
"141",226927,225637,4397781,4101906
"142",226927,226284,4103198,291861
"148",228711,226933,4399651,292592
"150",228716,228706,4201166,2796713
"152",228886,228750,4399927,294513
"155",228883,228863,4356500,294763
"159",228746,228928,3566754,304267
"163",237007,236931,304343,294828
"165",237008,236993,4105360,1501661
"167",240190,240859,352489,352597
"168",244121,244128,355859,223514
"174",250061,250865,2009885,357766
"176",253342,253326,359062,116180
"179",253420,253337,4769020,3193872
"180",253420,253339,3193955,1846739
"182",253424,253347,3877277,812410
"184",253430,253353,4364404,3734390
"185",253418,253359,3734455,3453505
"186",253430,253420,3453576,671057
"188",253329,253424,3902885,95244
"190",253353,253430,4382662,2680669
"192",253340,253460,4825056,252877
"196",253337,253465,4297481,2634098
"199",253334,253466,4722136,2928018
"200",253336,253705,2928148,360320
"202",257905,258677,364604,364600
"204",259324,259111,2365746,1549754
"206",259112,259256,2078686,1090001
"208",259251,259566,2078521,1550275
"210",260040,260040,2366519,1606478
"217",262933,276023,2532217,2299656
"218",275978,276253,2299701,2299402
"220",277744,277701,3442192,2497315
"221",277744,277703,2497358,92103
"223",277745,277741,4517598,836320
"224",277705,277742,836356,555349
"226",277707,278314,2383771,883200
"227",278391,278351,883277,726884
"230",278690,278634,2462795,1312965
"235",290446,297203,4712893,368820
"242",315490,316406,3047061,1962785
"243",316486,316483,1962865,369104
"246",317784,321065,622594,619274
"258",347570,347418,4213651,2704656
"262",353027,354494,4515279,4513833
"263",354459,354823,4513868,3501750
"264",356132,356309,3503048,3503213
"265",357388,357564,3504292,820015
"267",357483,357764,2532387,820015
"271",377471,378239,4837086,2291571
"272",377784,378472,2292026,1717692
"274",386646,386646,919545,895001
"278",389796,390108,424720,425021
"279",391699,391709,426643,369104
"283",392702,392973,3047061,426656
"286",408461,409108,442891,442929
"288",411115,411175,4837087,4837045
"289",411217,411352,4837087,444939
"291",413238,414008,446872,447636
"295",421752,424343,4635653,458891
"302",438280,438150,3971404,2928019
"303",438286,438150,2928156,2634098
"304",438277,438151,2634225,801586
"305",438283,438155,801718,252877
"307",438273,438239,4825054,4440006
"308",438277,438256,4440044,3453505
"309",438183,438268,3453578,323193
"310",438150,438268,323311,255043
"312",438195,438273,3193955,2981489
"313",438152,438276,2981609,1846739
"314",438150,438286,1846865,474600
"317",445073,445320,2090561,488373
"321",461724,461886,4386982,508639
"326",476576,477116,524552,524626
"328",480855,481205,528900,529199
"334",489266,490136,4589865,538967
"336",497821,497978,546687,546837
"337",501429,501572,550301,550360
"340",508685,508882,3272762,557952
"343",509137,509369,3744410,400327
"350",530122,530172,4752567,573726
"353",541978,542547,3416265,3109802
"354",542002,542579,3110347,2606358
"355",542494,543192,2606443,587852
"358",551461,551536,4837087,596061
"364",564484,560937,610892,27069
"368",567041,566776,3047061,2910614
"369",568035,567957,2911874,1962785
"370",568035,568034,1962863,369104
"373",573913,574528,2339591,1549675
"375",576011,575804,2365741,1549755
"376",576765,575804,1550755,365047
"380",576759,576466,2366519,1090513
"383",576287,576825,2078098,1606415
"385",578550,578179,1116111,977857
"388",580977,581667,2757890,2757202
"389",581438,581717,2757433,1001646
"394",582894,582989,2331574,1139349
"395",583095,582989,1139455,1001877
"397",585180,585932,2506540,617887
"399",586058,586057,1141681,613590
"403",595304,596973,1184178,801578
"408",597105,596983,4297478,4169604
"409",597111,596985,4169731,252877
"412",597105,597021,4825056,3902790
"413",597130,597021,3902901,95244
"415",597105,597023,1349290,671055
"418",597015,597098,4364404,323193
"420",597018,597098,4769026,4111850
"421",596988,597098,4111959,812410
"423",597023,597105,3193957,1846740
"425",596979,597105,2981612,116194
"427",597021,597105,2513673,1809538
"428",597021,597105,1809622,1690896
"430",597021,597107,3877277,3453484
"434",602084,603209,4634973,173527
"438",610060,610252,641493,641556
"440",610957,611632,2924250,2924922
"441",612287,612608,2925556,643875
"445",624540,624857,655974,656231
"449",631219,632181,4788333,663442
"456",639608,639550,4382650,3971316
"457",639608,639550,3971374,95245
"460",639626,639605,2928137,812431
"462",639538,639607,1846835,116220
"466",639536,639626,3877290,255043
"468",643280,643497,679215,679286
"469",655982,649424,691790,71015
"471",649628,650591,70829,69902
"475",657502,657409,3836652,2079317
"476",657334,657490,2079392,1935558
"481",666818,668072,2005905,2004652
"486",677779,676710,721397,718197
"489",681408,679508,722214,718198
"494",684850,684609,2462451,2040694
"495",684847,684744,2040932,961245
"497",684850,684806,1312728,481647
"502",695902,696383,3217535,737961
"505",696504,696430,738523,738339
"506",696616,696542,738523,738008
"509",696749,696755,738725,738448
"510",696830,696756,738523,738008
"512",696834,696861,738204,738004
"514",696939,697053,738413,738243
"516",699375,699573,740799,740892
"517",707757,708136,749088,749344
"520",716849,716950,766467,762067
"522",720172,720674,3274644,765913
"523",729394,725410,774714,558217
"526",741023,741072,4837086,776235
"529",741961,745905,2702742,793895
"532",757050,758450,4584653,240521
"535",758452,758672,4822295,801713
"536",762810,762967,805848,805863
"538",767484,767488,3425362,2304023
"541",772391,772748,1891326,1891683
"542",772911,773042,1891846,1891949
"543",773481,773915,1892388,1892819
"544",774140,774333,1893044,812529
"548",780729,780554,819364,819064
"551",780631,780561,2532232,368803
"554",780660,780729,2970133,2969793
"555",780660,780765,2969863,2532075
"556",780918,780765,2532230,2531958
"557",780841,780765,2532034,2531837
"558",780840,780772,2531912,290983
"561",780827,780827,4352991,2529069
"562",780772,780827,2529124,2528951
"563",780772,780843,2529006,818778
"566",780918,780850,819474,368803
"568",781016,780968,819938,819581
"572",780951,781016,2970131,2969793
"573",780951,781068,2969861,2532075
"574",781222,781068,2532230,2531958
"575",781145,781068,2532035,2531837
"576",781143,781075,2531912,290983
"579",781147,781130,4353009,2528951
"580",781060,781130,2529020,2529069
"581",781075,781147,2529124,819189
"582",781451,781147,819481,818778
"584",781222,781154,819474,368803
"586",781330,781272,819948,819581
"588",781328,781303,819792,819122
"590",781253,781368,2969863,818777
"592",781451,781369,2532237,819064
"593",781448,781376,819143,368803
"595",781253,781544,2970133,2969792
"597",781474,781577,2970133,2532155
"598",781723,781577,2532300,818778
"600",781654,781584,819141,368803
"604",781723,781791,820008,819457
"606",781844,781989,2532266,820137
"613",803449,803323,2928146,801586
"615",803447,803324,4297478,252874
"617",803445,803357,4169723,3971309
"620",803450,803363,4825059,3902790
"621",803453,803363,3902880,1349206
"622",803449,803363,1349292,95244
"627",803357,803440,4364404,323193
"630",803324,803440,4111965,812410
"632",803328,803448,2981605,1846739
"633",803321,803448,1846866,1809537
"634",803363,803448,1809622,1690895
"635",803384,803449,1690958,116192
"638",803360,803449,4769026,3193873
"642",807718,813076,1172435,863983
"644",819747,819872,873341,873377
"651",831326,831887,4124211,4123644
"653",836207,837663,890297,890460
"655",845524,845745,894668,894746
"657",846065,845829,2462457,726701
"659",846247,845875,2041124,961168
"660",846055,845960,961348,481593
"662",846055,846010,2258507,1312680
"664",845975,846064,4451360,1304297
"668",855666,856497,2097156,1152542
"671",857477,857481,1152673,908734
"672",857551,857796,908804,908933
"673",859145,859235,910280,908031
"675",860028,860110,940596,910379
"678",863433,864274,4331221,4323848
"679",863641,864381,4324481,914963
"683",868012,868255,3811876,1836901
"686",872709,876710,3812426,923529
"691",883853,885326,4773106,939791
"692",887399,885924,941866,908617
"699",900514,900388,4596078,2466091
"700",900490,900866,2466193,958903
"701",904539,902316,962589,957994
"703",902917,903208,4596067,726824
"705",903331,903210,2258527,894955
"707",903326,903216,2040947,481593
"711",904695,916459,2141303,1015846
"712",918645,919310,1018032,1018689
"713",925543,920805,1024977,287608
"719",925978,926161,1224836,1030289
"720",934394,934655,1038534,1038763
"726",942967,943289,4553870,1577072
"728",943902,943889,4554811,2662405
"730",940948,944897,1576864,1572930
"731",944816,945131,1573011,1027912
"733",945247,945653,3960167,1049389
"737",953506,951285,3408669,2785919
"741",968059,971638,3810862,1075507
"744",984316,984519,1088363,1088406
"746",986952,985893,2366552,1549675
"747",986166,985960,1549972,365046
"750",985968,986432,2078679,365506
"757",993224,999690,1146743,26298
"760",1000029,1000237,4851254,3825601
"763",1007825,1007680,3611885,1791888
"765",1007828,1007737,4753851,1184985
"766",1007829,1007737,1185078,351534
"769",1007827,1007823,3960750,1149863
"773",1007737,1007835,3316931,1399551
"777",1011339,1011990,4837439,1153916
"779",1031508,1031837,1175017,1175197
"784",1040526,1037761,1893179,809550
"785",1038350,1039034,810139,810823
"788",1044388,1044597,2201229,2201438
"792",1051613,1051485,3836591,692936
"799",1053810,1062554,4028814,1198698
"803",1068239,1068407,1825716,486173
"808",1080794,1084895,1213469,1214009
"810",1093884,1094245,438924,369104
"816",1103514,1097163,1230697,1025834
"817",1097289,1097344,1025957,1025834
"819",1097659,1097525,1027537,1025834
"822",1108977,1109099,1236182,1236184
"825",1127772,1115433,1254743,435630
"827",1121292,1121292,2765593,1109494
"829",1134558,1134716,1261796,1261796
"832",1165685,1158278,1294199,745607
"834",1158712,1159085,2896505,746447
"838",1180334,1177099,1307589,895011
"840",1177054,1177133,1312725,1033580
"844",1187057,1185059,1314630,481594
"847",1185157,1185108,3738336,2258462
"848",1185168,1185108,2258522,895011
"850",1185153,1185153,2040932,1304306
"851",1185073,1185170,1304386,950015
"853",1190526,1190616,1319441,1319487
"856",1210100,1210157,2915260,2851469
"857",1209605,1210211,2852021,1961688
"861",1213858,1226215,2256569,1911952
"864",1227062,1229260,2758730,1910436
"867",1232468,1243128,1909073,1898750
"870",1245805,1247028,3777187,3775970
"872",1245715,1262028,1896752,1877608
"874",1262042,1265684,1877479,360536
"878",1269473,1269458,3808486,467164
"880",1270008,1269993,3808486,467164
"883",1270749,1273599,1870353,1868323
"887",1279475,1279357,2928143,1862542
"889",1285118,1285328,1665939,1666137
"892",1286702,1287005,1853124,1853000
"893",1286702,1287084,1853298,1852635
"895",1286709,1287183,1853640,1853348
"896",1286887,1287183,1853640,1853523
"898",1287243,1287337,4360215,1852559
"900",1287361,1287480,1853467,1853174
"903",1287537,1287632,4360215,1852849
"905",1288736,1288741,2031748,161321
"908",1286702,1294138,1853473,1846009
"910",1295445,1301578,1845807,1773227
"914",1305246,1306241,3811876,919475
"917",1306821,1313781,1834691,1829183
"919",1313829,1316035,1828722,1592074
"920",1315883,1316035,1592226,1206204
"923",1316494,1333702,1825000,1809738
"925",1333726,1349147,1809510,1794090
"928",1353385,1357119,3812080,1783668
"931",1362642,1362634,812530,252878
"933",1362518,1362638,4382672,2974021
"935",1362514,1362640,3971400,2928019
"936",1362514,1362640,2928145,503857
"942",1367704,1369950,4213662,1780526
"944",1381425,1381058,4451482,949867
"948",1393504,1394568,1840950,1839880
"949",1394377,1394842,1840071,1771995
"951",1394918,1400246,1757776,1753653
"953",1405964,1409958,1753420,886042
"957",1411013,1415948,1748244,1102850
"959",1415948,1416232,2772288,1966453
"962",1417181,1422292,2771205,1107542
"965",1423622,1423252,1116110,977857
"968",1429392,1429026,1136819,999047
"971",1432075,1431761,1138677,1000891
"973",1431761,1432313,2735277,1138816
"974",1432946,1432320,1139455,1001351
"976",1432313,1432946,2734824,2733380
"977",1432410,1432946,2733916,1963519
"979",1435187,1435729,1746563,1549632
"981",1436071,1435894,2365739,1607411
"982",1435844,1436006,1607461,365187
"983",1436191,1436362,365363,365504
"985",1436913,1436367,2366598,1090331
"992",1448002,1464814,3869037,81273
"994",1466343,1466460,3630649,3630472
"995",1466644,1466754,3630656,3630472
"997",1474009,1486955,3635021,1731342
"999",1487216,1490035,1731289,1369010
"1001",1490837,1491539,1730418,1729640
"1003",1494007,1493322,4791595,3745667
"1004",1494007,1493704,3746352,3381169
"1005",1493604,1493738,3381269,1751667
"1007",1493582,1493999,3383217,3314474
"1008",1493340,1494007,3315133,2014910
"1010",1492350,1496633,1717635,1713257
"1013",1496736,1502150,1711601,1698370
"1015",1502454,1508732,1698209,1693649
"1017",1508849,1511395,1693620,1688426
"1020",1513219,1513485,3724164,1312459
"1023",1515562,1518846,1688274,1678345
"1025",1518986,1524388,1678172,1672565
"1029",1524539,1534872,1672090,1668373
"1034",1543958,1544104,1863833,1659165
"1037",1545968,1545793,2366519,1090631
"1041",1545793,1546115,2077804,1655090
"1044",1546295,1553878,1654641,1647752
"1046",1553944,1557044,1647535,1644249
"1048",1557451,1557621,2321591,919481
"1051",1558562,1558567,3811877,918587
"1055",1592836,1593653,3957457,3956657
"1059",1608141,1615639,1605067,1600245
"1061",1616944,1619959,1600176,1597092
"1063",1620269,1622380,1596700,1594553
"1065",1622646,1624569,1594166,1593259
"1069",1629673,1630898,3298678,1586084
"1073",1635038,1635038,2734879,1138761
"1074",1634350,1635038,1139455,1001289
"1076",1635791,1635791,2735485,1138155
"1077",1635273,1635791,1138664,1000683
"1079",1638868,1638467,2079638,1935559
"1080",1638644,1638688,1935736,692894
"1084",1641545,1641530,2079428,692936
"1086",1641364,1642065,3836629,1330834
"1090",1652660,1652623,1747251,1098313
"1092",1654828,1655242,3246764,1582148
"1094",1655348,1657815,1582125,1579602
"1097",1658473,1658447,4552305,1468907
"1101",1660482,1660488,4554296,1574425
"1104",1660969,1660968,4552305,2664876
"1106",1661725,1662428,4553058,1047220
"1108",1663335,1662980,4554668,1576951
"1112",1669568,1670955,2533242,1562698
"1114",1674865,1674941,3750524,1558804
"1116",1674972,1681007,1558623,1552478
"1118",1681695,1686602,1552482,1543986
"1121",1686708,1701087,1543854,1538723
"1123",1702191,1704678,1538536,1536046
"1125",1708575,1708804,1531749,1531619
"1126",1708575,1708900,1531842,1531619
"1127",1708575,1708998,1531935,1531617
"1128",1708575,1709095,1532028,1531709
"1129",1708670,1709095,1532122,1531802
"1130",1708766,1709095,1532122,1531895
"1131",1708862,1709095,1532122,1531988
"1133",1713265,1713587,3762089,3762411
"1136",1704913,1735959,1535790,1509413
"1139",1738728,1744832,4097431,1501960
"1143",1746599,1746522,4352824,290796
"1147",1746578,1746592,4105345,1501647
"1148",1746360,1746592,1501885,1501734
"1152",1750552,1755239,4518679,1473722
"1156",1759766,1764519,3136701,1452181
"1161",1768770,1768897,4722135,801587
"1164",1768898,1772226,1446415,1443006
"1167",1772493,1779617,1442609,88684
"1171",1788699,1789005,2812275,2811969
"1173",1779483,1795245,1435397,1419479
"1175",1799129,1798987,3611883,1415633
"1177",1799129,1799041,4753846,2589325
"1178",1798984,1799047,2589383,906848
"1180",1799135,1799047,3960752,351538
"1185",1799047,1799139,3316927,2589165
"1188",1811919,1812326,1450936,1400074
"1190",1813420,1816097,1399974,1397145
"1192",1816411,1824371,1397045,1389142
"1196",1843753,1843723,3614879,732681
"1200",1845030,1852524,1378578,1371134
"1202",1861715,1864734,1370744,1367474
"1204",1864782,1870216,1367375,1360441
"1206",1872035,1876832,1359784,1354928
"1208",1876915,1879349,1354778,1353046
"1211",1893713,1894107,1920905,370737
"1215",1898280,1898256,3123467,2292727
"1218",1900900,1904269,2204010,634772
"1221",1907393,1907435,2079392,692915
"1227",1929795,1930042,1974814,1974830
"1228",1939091,1938653,1983919,1460352
"1230",1944199,1944347,1988975,1989055
"1232",1954411,1948613,2000787,1558661
"1234",1948737,1948620,3971397,252878
"1236",1948726,1948650,4215574,565773
"1237",1948731,1948655,565854,95244
"1239",1948618,1948692,3626630,3092584
"1241",1948651,1948739,4769028,2513589
"1242",1948655,1948739,2513673,1809538
"1243",1948655,1948740,1809622,323185
"1249",1964639,1969506,3040082,1715975
"1252",1970138,1969732,3315121,1751647
"1254",1969886,1969785,3383195,3381168
"1256",1969519,1970150,4791559,3745685
"1258",1972731,1971150,2016457,1715921
"1260",1971851,1971433,3315133,1751647
"1262",1971653,1971487,3383261,3381169
"1265",1971184,1972835,3746352,2016653
"1269",1984966,1986886,2286363,2027201
"1272",1991630,1991016,2032363,161326
"1276",1992039,1992119,4596962,4596650
"1280",2000402,1997162,2044007,726707
"1282",1997379,1997194,2462445,894868
"1285",1997379,1997288,4061051,481594
"1289",2001963,2002108,4692491,2047656
"1290",2002359,2003119,2047904,2048658
"1292",2003606,2003948,2914750,2049478
"1294",2005670,2006162,2051187,2051673
"1295",2009729,2010353,2055254,1141681
"1297",2018390,2017517,2061745,1496588
"1299",2028029,2028219,2071467,2071654
"1302",2035243,2034096,2078765,1655218
"1303",2034580,2034096,1655705,1606463
"1304",2034580,2034284,1606959,365802
"1306",2034051,2034578,2366579,1090330
"1308",2035244,2035076,1656262,1607378
"1309",2035161,2035170,1607463,365041
"1312",2034929,2035250,2365739,1549669
"1316",2041066,2041431,3549686,1345893
"1320",2044631,2044631,2096076,2094154
"1324",2056746,2057879,4753495,2094009
"1325",2059930,2058126,2096073,2083225
"1327",2057879,2058132,2096222,2084189
"1331",2059846,2061865,2094241,2083868
"1332",2061933,2062145,2083934,2084104
"1333",2062339,2062232,2084298,2083221
"1335",2062339,2062339,2096073,2094157
"1337",2065795,2062596,2099716,904081
"1340",2080593,2080803,2135288,2135413
"1341",2082633,2081841,2137279,698876
"1344",2089203,2089918,2149332,2149340
"1346",2097221,2097340,2156747,2156857
"1352",2139457,2123655,2204880,2164448
"1355",2139740,2139756,4837088,2204988
"1357",2144576,2144904,2209840,2209832
"1358",2146576,2146705,2211513,2211522
"1360",2153488,2153607,2214079,2213868
"1363",2158337,2159453,2221680,2216619
"1364",2159865,2159624,2217029,395798
"1371",2170435,2170170,3047061,2910614
"1375",2171432,2171429,3047105,369103
"1378",2176358,2177512,3423452,2234965
"1381",2186721,2186842,3185023,2242134
"1383",2191558,2192156,2246999,2247561
"1387",2219543,2215006,2261054,1475851
"1390",2217008,2216978,2553322,481661
"1392",2217020,2217030,1312740,950008
"1395",2226354,2226510,2267937,2268003
"1397",2229061,2229450,2270662,2270727
"1399",2236499,2236747,2283862,2283942
"1402",2238603,2239350,4092748,2286618
"1407",2246300,2247074,4348561,2298901
"1412",2260906,2261091,4328593,3424424
"1415",2266323,2266590,3245757,1586405
"1417",2267518,2267156,3298702,3244924
"1420",2278552,2276755,2322407,918592
"1423",2276756,2277274,3811876,1837452
"1427",2286288,2286289,4141341,3820407
"1428",2286220,2286340,3820476,1142434
"1430",2291137,2291391,2347339,2347405
"1434",2304362,2306961,2360522,2360749
"1435",2313241,2311645,2367070,1549675
"1436",2311930,2311715,1549972,1089847
"1437",2311931,2311722,1090063,365047
"1439",2311646,2312227,2078765,365507
"1444",2312229,2312761,2078095,1655161
"1446",2316827,2317035,2370644,2370752
"1450",2322859,2322831,4390820,2983794
"1452",2322367,2322835,4213780,416488
"1456",2339327,2339567,3339121,2380316
"1459",2347239,2347384,2383771,2383798
"1463",2357030,2356913,4773888,3666947
"1464",2357698,2357499,3667732,538273
"1467",2364397,2358725,2402443,1193281
"1471",2382506,2367968,2420558,616493
"1480",2421243,2421718,2461035,2461196
"1482",2423576,2423551,3967613,3666926
"1484",2423418,2423736,4773883,2462131
"1485",2425946,2423863,2464338,2040742
"1486",2424053,2423863,2040932,726737
"1488",2424053,2424063,895056,572392
"1491",2426742,2427016,2466250,2464498
"1494",2439199,2439613,4671447,4671861
"1495",2439676,2440390,4671924,2488621
"1497",2443831,2443913,4837087,2492067
"1499",2451604,2454641,234710,231663
"1503",2467854,2469145,4427282,616432
"1507",2480993,2482606,2964138,2962532
"1512",2503321,2505378,4325819,1701982
"1515",2511311,2511470,2523642,2523724
"1519",2518054,2518109,2531899,818992
"1522",2518054,2518224,2532137,2531844
"1523",2518054,2518224,2532020,2532082
"1524",2518169,2518224,2532137,818992
"1526",2521129,2520931,2532153,818985
"1528",2521006,2520938,2532150,290983
"1531",2521009,2520993,4353007,2529069
"1532",2520938,2520993,2529124,2528951
"1534",2521251,2521051,2532036,818985
"1535",2521128,2521058,819062,290983
"1538",2521113,2521113,4352991,2528951
"1539",2521058,2521173,2529006,818985
"1541",2521248,2521180,2531912,290983
"1544",2521235,2521235,4352991,2528951
"1545",2521058,2521235,2529124,2529069
"1546",2521167,2521253,2529137,819399
"1547",2521530,2521253,819675,819189
"1548",2521336,2521253,819272,818778
"1549",2521330,2521260,818855,368803
"1554",2536387,2521467,2547213,819457
"1558",2532553,2536041,2552421,746902
"1562",2539584,2539663,2552563,2552577
"1563",2543644,2540308,2556557,2258409
"1564",2540424,2540312,2258525,1569157
"1565",2540423,2540416,1569268,566867
"1567",2542884,2543653,4274122,2287721
"1569",2543731,2543653,3316931,1483363
"1570",2543731,2543657,1483442,1399576
"1573",2543771,2543700,4042506,3566119
"1575",2543653,2543731,3960737,1184985
"1576",2543653,2543731,1185063,906844
"1577",2543653,2543731,906922,351534
"1581",2543771,2543769,3317032,1327886
"1583",2543653,2543771,4753837,3960558
"1584",2543733,2543771,3960596,906743
"1585",2543733,2543771,906781,351433
"1588",2543657,2543772,3611870,460627
"1593",2549386,2549665,2589152,2557647
"1596",2558698,2565481,2568631,2568624
"1597",2568135,2568331,2571278,2571377
"1598",2572064,2568694,2575113,2128334
"1601",2575909,2575796,2578954,2130669
"1603",2581608,2578690,2585472,7692
"1608",2583583,2585231,3500392,2990368
"1611",2590665,2588355,3565349,2216294
"1612",2588418,2588847,2216356,395802
"1617",2601351,2601702,2998831,2998489
"1619",2604153,2605561,2996262,2428725
"1622",2609714,2611199,2994334,2992837
"1625",2613494,2613257,4390815,416706
"1627",2613010,2613296,4213777,2704645
"1631",2617937,2618076,2609833,2609861
"1633",2629248,2626923,2621110,2526750
"1640",2656513,2656417,3877296,1846747
"1641",2656527,2656417,1846857,116201
"1646",2656515,2656429,4364419,3453505
"1648",2656505,2656456,3626604,2677568
"1650",2656417,2656494,3902867,1349206
"1651",2656417,2656494,1349283,95244
"1655",2656415,2656521,4825051,4513500
"1656",2656411,2656527,4513617,252880
"1658",2656417,2656529,3971392,355867
"1663",2658483,2658479,723865,12007
"1666",2660882,2661637,3136653,2682925
"1668",2662399,2662576,4521650,4521569
"1669",2662490,2662596,4521650,2683589
"1673",2689372,2687391,2706005,520541
"1678",2688096,2689514,4792714,1399555
"1683",2689649,2689604,4042506,351539
"1685",2689518,2689604,3960751,906849
"1689",2689663,2689611,3317047,2287862
"1691",2689611,2689663,3960596,906728
"1693",2689611,2689663,1184922,351418
"1695",2689517,2689668,4753851,3611737
"1696",2689518,2689702,3611887,2706208
"1701",2699923,2700619,2721950,2722063
"1704",2714245,2713347,2784252,886034
"1706",2717443,2716066,2787297,1055096
"1713",2726051,2726194,4356510,4201296
"1714",2726051,2726194,4201439,294513
"1716",2726052,2726238,4399933,2796713
"1722",2726228,2728016,4201166,3568902
"1723",2729446,2728645,3570382,2799225
"1724",2729444,2728659,2800033,291861
"1727",2728016,2729297,4199286,291112
"1733",2729551,2731366,4396282,288969
"1739",2732089,2733644,1024443,1023251
"1741",2741248,2740574,2812643,1425874
"1742",2740686,2740803,1425986,1426103
"1743",2740880,2740992,1426180,823927
"1745",2743593,2744114,2814700,2814793
"1747",2750061,2746419,2820827,460639
"1757",2783296,2783470,2911233,2844297
"1761",2792108,2794241,4775218,2942998
"1763",2798573,2798479,2947704,1847299
"1772",2817861,2817923,2970552,2969792
"1773",2818216,2817956,2970081,2969692
"1774",2818550,2817988,2970274,819301
"1776",2818275,2818197,2970552,2970196
"1777",2822032,2818338,2974022,2969792
"1778",2818550,2818371,2970004,2969692
"1779",2818491,2818407,2969811,819297
"1783",2829026,2826988,2981485,2890730
"1788",2835086,2837587,4822279,2990150
"1790",2838105,2838408,3854492,2288290
"1793",2842401,2842503,3210730,2532307
"1794",2842421,2842503,2532388,820015
"1797",2850662,2850979,3307804,3000201
"1799",2856847,2856026,3006229,2983779
"1800",2855546,2856028,2984259,2704453
"1802",2859654,2859794,3052846,3048805
"1803",2860063,2860282,3049074,3049293
"1807",2867856,2877701,3197835,3095500
"1808",2878560,2877762,3096356,3077080
"1810",2879760,2878006,3079445,3077080
"1815",2904407,2904014,3095894,3095318
"1816",2904407,2904014,3095711,3077937
"1822",2918902,2919165,3112760,3113023
"1823",2919364,2919425,3113222,3110555
"1828",2928860,2929577,3410734,1923380
"1832",2944973,2943976,3137592,1456836
"1834",2945882,2946069,3139689,3139746
"1837",2947387,2947495,3458579,3141062
"1839",2947497,2947605,3458579,3141062
"1842",2947875,2948254,4601508,2560693
"1845",2971489,2970923,3165359,1927557
"1848",2971997,2972673,3325731,3166690
"1849",2977597,2977104,3171622,2288632
"1855",2988574,2998984,3958890,3197422
"1856",2999936,2999199,3198371,3066594
"1858",3004520,3004651,4213399,416706
"1860",3004423,3004820,3005389,715688
"1864",3028487,3029050,4507494,2589644
"1865",3029271,3029396,2589865,2589990
"1868",3042291,3035429,3207896,1873612
"1873",3052336,3051468,3218358,736901
"1875",3059365,3059700,3225477,3225541
"1879",3069624,3070158,4314098,3229504
"1881",3071383,3071269,4382662,2928017
"1883",3071396,3071271,4297478,2634098
"1885",3071389,3071272,3971392,801586
"1887",3071394,3071276,4169723,252877
"1889",3071396,3071312,4825056,3902790
"1890",3071396,3071312,3902874,95244
"1892",3071396,3071314,1349290,671055
"1895",3071306,3071389,4364404,323193
"1897",3071309,3071389,4769026,4111850
"1898",3071279,3071389,4111959,812410
"1900",3071314,3071396,3193957,1846740
"1902",3071273,3071396,2981609,116194
"1904",3071312,3071396,2513673,1809538
"1905",3071312,3071396,1809622,1690896
"1907",3071312,3071398,3877277,3453484
"1908",3071306,3071420,3453576,3230654
"1911",3077927,3079600,3876196,3236345
"1912",3082671,3081629,3239418,2583503
"1918",3089065,3089639,4660056,3175835
"1921",3098403,3098558,3264250,3264341
"1924",3110443,3106778,3276223,2533739
"1928",3110348,3121069,4566672,3886122
"1930",3134872,3136663,3759992,3302347
"1932",3146775,3139832,3314278,3001215
"1938",3150546,3150818,3319464,3319577
"1939",3157450,3151555,3326233,813848
"1943",3166058,3165410,3339290,2375778
"1944",3165465,3165658,2375833,2376023
"1946",3171834,3172426,3342804,3342807
"1952",3180831,3183813,4618779,3357851
"1954",3194900,3194862,3362474,2213908
"1957",3203122,3203314,3370452,3370571
"1958",3205302,3205591,3372560,377364
"1965",3214925,3214968,4459994,3378373
"1966",3216573,3216700,3380005,3380085
"1968",3219187,3217856,3384387,1716218
"1972",3217996,3217892,3381269,1751697
"1976",3220890,3220408,3386102,859247
"1980",3239530,3239762,3393227,3393318
"1982",3243453,3245696,3300201,3295254
"1985",3246830,3246995,4761233,3247510
"1987",3252010,3247812,3399484,3322361
"1989",3252658,3252911,3399962,3399608
"1990",3252994,3253318,3399691,3400012
"1993",3257807,3258325,3809107,2292727
"1994",3258865,3259581,2293267,2293980
"1995",3259634,3259648,2294033,1923380
"1998",3260110,3260122,4703419,3406430
"1999",3267659,3260133,3414006,1055105
"2004",3270051,3269877,3414852,3414355
"2005",3270264,3269882,3414755,3414244
"2008",3270164,3269953,3414852,3414090
"2009",3270264,3270066,3414415,3414090
"2010",3270264,3270740,3414299,3109431
"2011",3271771,3271680,3110462,586789
"2016",3283978,3289648,3423440,606873
"2018",3289465,3289927,3825986,206533
"2025",3319980,3318289,3460266,3141064
"2026",3318210,3318289,3141143,3141170
"2028",3348238,3341407,3487931,2982523
"2031",3360616,3352118,3500411,2372125
"2035",3372587,3370376,3508015,1218294
"2042",3383257,3381016,3517937,244834
"2045",3382849,3382761,3516105,245161
"2049",3390449,3390583,3534227,3534350
"2050",3392054,3392426,3535821,3535908
"2055",3418112,3415033,3565352,2593647
"2056",3416528,3417173,2595142,2595784
"2057",3418127,3417995,2596735,394071
"2064",3422867,3423098,2462458,726706
"2069",3423429,3423370,4399973,4201419
"2070",3423429,3423371,4201478,2796389
"2072",3423551,3423429,3566998,3566568
"2075",3423371,3423550,4356545,294511
"2077",3423216,3423551,4400124,4105102
"2079",3423574,3423663,4360493,2796437
"2081",3423797,3423793,3566754,294513
"2083",3423663,3423793,4356497,4201296
"2085",3423658,3423837,4399926,2796713
"2091",3423827,3425615,4201166,3568902
"2092",3426896,3426244,3570194,2799225
"2093",3426896,3426258,2799886,291861
"2096",3425615,3427026,4103198,2531844
"2098",3426971,3427026,2532137,2531965
"2099",3426971,3427026,2532020,818992
"2102",3425615,3427056,4199286,290955
"2106",3427071,3428974,4197751,4099923
"2109",3427172,3438495,4396266,3581711
"2111",3467045,3470094,3598174,3598251
"2115",3481173,3480024,3609583,99366
"2117",3483182,3481808,3611729,906422
"2120",3496911,3490154,3626414,1382209
"2124",3499608,3512634,3636092,3636247
"2128",3521660,3521997,3645441,3645778
"2129",3525448,3525595,3649231,3649310
"2132",3536323,3536350,4855831,4024892
"2135",3543927,3543726,3667698,538309
"2139",3546559,3547794,4727112,4725877
"2141",3550895,3552937,3699733,3676751
"2146",3573741,3564483,3708517,3674256
"2147",3564958,3565427,3674731,3675191
"2148",3565651,3566166,3675415,3675921
"2150",3575160,3575706,3710016,3710143
"2151",3578774,3576149,3713211,3671290
"2153",3580851,3580575,3715194,1536608
"2156",3592508,3588733,3727862,481643
"2161",3597494,3598498,3735539,3272728
"2163",3599809,3598554,3735756,3732392
"2165",3608639,3600555,3744632,3377613
"2167",3602339,3602336,1312728,1304306
"2168",3602242,3602339,1304400,1020155
"2171",3613524,3612833,3751227,1558864
"2175",3618985,3622758,3751740,339739
"2178",3639132,3639330,3759983,3760098
"2180",3642318,3641331,3763067,1527465
"2186",3663493,3661666,3565355,395802
"2188",3663487,3663254,2596717,394187
"2191",3669137,3669490,4019945,3775459
"2192",3671241,3670058,3777223,1895509
"2193",3670680,3671152,1896137,1896609
"2196",3674368,3674565,3782694,3782832
"2197",3676110,3676218,3784376,3539786
"2199",3680341,3680444,3788502,3788563
"2202",3700287,3700286,3808486,467150
"2205",3705904,3702156,3814378,1835906
"2206",3702402,3702382,1836152,1071878
"2208",3702763,3703271,1836516,1837015
"2209",3703401,3703402,1837145,918592
"2214",3710490,3708683,3822282,2330763
"2218",3720316,3718034,3836702,2482854
"2221",3720058,3720251,2079428,1935557
"2223",3721742,3722271,3839590,3839709
"2225",3730902,3733634,3847925,2285048
"2227",3734868,3734978,4094538,3848151
"2228",3736132,3736351,3849305,3849389
"2229",3740949,3741128,3853976,3854038
"2230",3744191,3741263,3857097,2990349
"2233",3750785,3744956,3864664,3333291
"2235",3750778,3750787,4629633,117235
"2239",3756726,3757922,3870683,3870754
"2241",3774185,3774352,3877171,3877332
"2243",3781013,3781177,3889523,3889552
"2245",3784479,3784559,3896836,3896862
"2250",3802968,3802229,3914441,3912677
"2254",3827291,3826969,3938962,1299628
"2256",3828665,3828797,3941024,3941104
"2258",3836327,3835808,3948681,173095
"2260",3836465,3837004,3952163,2307777
"2262",3839137,3839175,3966581,285523
"2269",3853066,3851619,3997887,137012
"2271",3852408,3853087,4109310,3997989
"2278",3875322,3876144,4034106,4034242
"2280",3881221,3878764,4042371,3344517
"2284",3888192,3890555,4049577,3445706
"2287",3897433,3906865,4059899,4060012
"2288",3908384,3907809,4061531,2040834
"2290",3908204,3908551,4451022,4061602
"2295",3944872,3935181,4103198,2285048
"2297",3938294,3938390,3170691,1508782
"2301",3944872,3941599,4397781,288969
"2304",3944872,3943582,4354357,291112
"2311",3946655,3944878,4399651,292592
"2313",3946660,3946650,4201166,2796713
"2315",3946830,3946694,4399927,294513
"2318",3946827,3946807,4356500,294763
"2322",3946688,3946872,3566756,304267
"2327",3956881,3956937,4290255,4116330
"2333",3967725,3967901,4126892,4127056
"2334",3973677,3973523,4132848,2177570
"2336",3982856,3974380,4141385,2175767
"2338",3982604,3982692,4810949,4810629
"2339",3982605,3982692,4810716,4810747
"2340",3982606,3982734,4810833,2330753
"2345",4000141,3999632,4157699,4121406
"2347",4015327,4012931,4172036,671039
"2352",4027280,4027409,4188002,227676
"2353",4027341,4027507,227748,227676
"2356",4037222,4035178,4197751,4099779
"2358",4037222,4035322,4352822,288969
"2360",4037121,4037121,4396266,2800070
"2364",4038687,4037237,4354357,290955
"2366",4037338,4037267,2531915,818992
"2369",4037322,4037335,2532137,2528938
"2372",4038687,4038044,4397781,291861
"2378",4040472,4038699,4399651,292600
"2380",4040477,4040467,4201166,2796713
"2382",4040843,4040511,4400124,4201296
"2384",4040688,4040511,4356545,294513
"2387",4040624,4040688,3566469,2796389
"2390",4050023,4050132,4209191,4209251
"2391",4053417,4051280,4212543,4210361
"2393",4056452,4054303,4215438,2983769
"2394",4054653,4054325,2984119,1776591
"2399",4065724,4065969,4228571,4225981
"2401",4069637,4069878,4230901,4231103
"2402",4070362,4070516,4231587,4231607
"2405",4086839,4081259,4248826,1648944
"2410",4094393,4094442,4256036,2451376
"2411",4094354,4094534,2451466,2451376
"2412",4094446,4094626,2451466,2451376
"2418",4103506,4103601,4837087,4268375
"2419",4108510,4108722,4273288,4273383
"2420",4110664,4109460,4275314,2555797
"2424",4118761,4117360,4297355,2115597
"2428",4133506,4133691,4319418,4319438
"2430",4137547,4137932,4322328,4322703
"2431",4153146,4138196,4337951,3692764
"2435",4143630,4143822,4066156,2304768
"2437",4153268,4153696,4338137,4338273
"2438",4154934,4154997,4339511,4339509
"2439",4160840,4161040,4345430,4345498
"2440",4168249,4166299,4352719,4195699
"2441",4168249,4166306,4197648,4099779
"2443",4168265,4166450,4396282,288969
"2447",4169809,4168372,4397781,4101759
"2450",4169809,4168519,4354357,291112
"2457",4171592,4169815,4399651,292592
"2459",4171597,4171587,4201166,2796713
"2461",4171967,4171631,4400129,4201296
"2463",4171808,4171631,4356545,294513
"2466",4171744,4171808,3566469,2796389
"2469",4189580,4175472,4374243,1852569
"2472",4175839,4175760,4596969,4596426
"2474",4175815,4175815,4596713,2035600
"2478",4179744,4179649,1846835,116193
"2481",4179724,4179723,4769015,95254
"2484",4179649,4179745,3902875,2895791
"2486",4196255,4193418,4382548,915544
"2488",4211211,4200375,4397781,508199
"2491",4203812,4204226,4213777,416539
"2494",4207565,4207843,4394121,288876
"2498",4209737,4209921,4352719,4197994
"2500",4211211,4209921,4354357,291112
"2507",4212995,4211217,4399651,292592
"2509",4213000,4212990,4201166,2796713
"2511",4213166,4213034,4399923,294513
"2514",4213164,4213164,4356497,2796437
"2518",4218409,4218533,4404972,4405018
"2523",4229365,4230353,4837096,4415478
"2524",4231222,4231359,4416344,4416345
"2526",4233302,4233672,4439888,4440077
"2527",4235402,4235563,4441806,4441901
"2528",4239730,4240246,4446029,4446092
"2530",4249313,4246923,4453439,4061353
"2531",4246883,4246944,4061393,1312964
"2533",4246865,4247396,3724482,481472
"2536",4250535,4252383,4454580,4454575
"2537",4253890,4254050,4456084,4456185
"2540",4266861,4266438,4469117,1902025
"2549",4289202,4286960,4517542,422027
"2551",4293159,4290144,4521557,2138408
"2553",4291926,4292374,4015378,2350002
"2557",4295871,4295944,4837086,4837046
"2558",4295984,4296057,4837086,4837046
"2559",4296097,4296170,4837086,4837046
"2560",4296210,4296283,4837086,4837046
"2561",4296323,4296394,4837086,4837046
"2562",4296433,4296440,4837085,4524488
"2568",4323333,4324604,4692535,2040827
"2569",4324710,4324608,2040933,961247
"2570",4324709,4324608,961348,894955
"2572",4324709,4324666,1312725,726884
"2573",4324709,4324668,726927,481647
"2575",4325788,4325897,4530094,253004
"2576",4325938,4325997,253046,253004
"2577",4326038,4326097,253046,253004
"2578",4326138,4326197,253046,253004
"2579",4326238,4326297,253046,253004
"2582",4344735,4332506,4545203,3342517
"2585",4348816,4347326,4548519,1542187
"2589",4354759,4355120,3200778,776410
"2594",4355022,4361244,2703548,2697327
"2597",4372677,4362674,4576763,3276098
"2599",4373166,4373298,4577358,3272728
"2601",4374245,4374635,4578270,4578547
"2604",4385341,4381160,4588800,799904
"2609",4392436,4392366,4596960,4360418
"2610",4392421,4392435,4360473,2035586
"2612",4392579,4392472,4596760,4596420
"2614",4392548,4392478,4596960,4360418
"2615",4392533,4392547,4360473,2035586
"2617",4401951,4392583,4606234,4596420
"2619",4392660,4392589,4596729,4360418
"2620",4392644,4392658,4360473,2035586
"2622",4409122,4409221,4613530,4613539
"2624",4415891,4416017,4621230,4621281
"2625",4424908,4422906,4630168,3863165
"2626",4424380,4424380,3864657,117244
"2629",4431255,4429935,4636239,624282
"2630",4429994,4429994,624341,174647
"2631",4429935,4430376,174706,174265
"2634",4434477,4434622,4639480,4639560
"2637",4441370,4441542,4645170,4645206
"2640",4451028,4451169,4837086,4092182
"2642",4452368,4452367,4093375,2285163
"2646",4457276,4457312,4837094,4681178
"2647",4459311,4459488,4683179,4683297
"2649",4460358,4460521,4692426,4692552
"2650",4470322,4468788,4702397,3963087
"2653",4472639,4472824,4705148,1626009
"2657",4478889,4477316,4713333,4707275
"2660",4484312,4484355,4720343,4521587
"2664",4496490,4492525,4731096,3670390
"2668",4507128,4510846,3959254,650950
"2669",4511043,4511369,651150,226091
"2672",4521528,4531797,3670882,1701653
"2675",4534241,4534729,4756022,1956482
"2678",4541520,4542436,782173,782024
"2682",4547386,4547333,608302,205478
"2684",4554291,4552970,3298819,1586135
"2685",4553062,4553435,1586227,1586594
"2691",4569089,4568986,4773853,3666926
"2695",4580987,4581429,4778552,4778982
"2696",4583050,4583114,4780603,323183
"2699",4583244,4583117,3374495,116192
"2702",4583199,4583118,4769020,1846739
"2704",4583244,4583119,4089577,812403
"2707",4583238,4583138,3877312,3453505
"2709",4583239,4583203,4364434,3902790
"2710",4583117,4583203,3902876,95244
"2713",4583144,4583218,4297453,671038
"2715",4583122,4583242,4382672,2974021
"2717",4583115,4583244,3971403,1558662
"2720",4583114,4583244,2928149,503857
"2722",4583127,4583247,565854,252868
"2726",4591444,4589053,4789878,663469
"2728",4589502,4591203,662997,661344
"2730",4593312,4592446,4791743,3745628
"2731",4593170,4592897,3746352,1751671
"2733",4592756,4592927,3383206,3381109
"2734",4592743,4593168,3381293,3314468
"2735",4592492,4593191,3315144,2014889
"2736",4592480,4593191,2015600,1715934
"2738",4596068,4596569,3244294,3243790
"2739",4596430,4596864,3243929,3243495
"2746",4606166,4606165,4810948,4141135
"2748",4606401,4606286,4810833,4141135
"2750",4606402,4606401,4810716,4141135
"2753",4614346,4614402,4837091,4837046
"2754",4614443,4614504,4837087,4837047
"2755",4614548,4614604,4837091,4837046
"2756",4614645,4614682,4837087,4818788
"2757",4620827,4618117,4824932,2517884
"2758",4618178,4618117,2517946,212392
"2760",4618195,4618192,4708377,3239430
"2761",4618102,4618195,3239523,81632
"2765",4628547,4628739,4837041,4837046
"2766",4639530,4636250,4847753,2224798
"2768",4641628,4639977,4857408,3659990
