"","cbgapstart","cbgapend","salgapstart","salgapend"
"1",3488,3700,3873205,3845733
"2",8724,8728,3850739,1843716
"5",12996,10953,3853692,86803
"8",15333,16436,3855109,2476731
"12",26664,27160,3861399,3861387
"14",32010,32214,3866304,3866469
"18",52337,42867,3888190,3174014
"21",56120,56253,3895211,3895272
"22",58410,56274,3897429,3842470
"24",60071,59498,3908383,1997285
"25",59592,59936,1997379,1838838
"27",62048,62045,3910431,1843713
"29",65405,65401,3913714,639510
"31",65620,65709,3913804,3913826
"32",83175,83253,3931296,3931292
"34",85852,86406,4310869,2238603
"36",87032,87051,4452367,2237949
"38",87507,88014,4453802,3734686
"41",90279,90999,2976669,1738631
"45",98807,93588,4213164,223559
"49",98810,95569,4171764,225637
"51",98810,98807,4040644,2726064
"53",98673,98826,3423552,3423647
"57",103659,108875,3851623,1843720
"64",121334,118284,3967726,2713799
"65",118160,118284,2713923,831766
"67",136460,127122,3982847,2112051
"69",127209,135085,2111007,120967
"71",136199,136304,4606421,4606079
"72",136217,136304,4606166,4606200
"73",136218,136347,4606286,2286210
"76",136952,137046,3986641,3986682
"78",150207,149722,4000117,3962320
"81",163604,161190,4015309,596983
"83",161309,161191,3071394,803326
"84",161309,161267,803445,127800
"86",173266,170281,4024885,658946
"89",185348,183390,4037121,3941442
"92",188610,183548,4213002,223559
"96",188610,185532,4171599,4037397
"97",188610,185532,4040479,225637
"101",188889,188746,4171773,228750
"105",188874,188874,4213162,3423665
"106",188746,188879,3423793,3423415
"107",188744,188916,3423550,2726025
"109",188950,197380,2725899,1843714
"110",197419,197513,1843753,758469
"112",198748,198924,3260309,951281
"115",199442,199867,3306995,831318
"118",199025,212654,2714190,2700619
"121",212659,213891,4633177,2698759
"124",214988,223950,2698569,2689698
"126",225713,225497,4204301,3004625
"127",225240,225507,3004885,347410
"131",223990,229501,2689520,2668130
"134",230460,231916,2683140,2681687
"136",232224,233812,2681373,2679779
"138",236509,242462,2667900,2662596
"141",243216,246486,4583218,12577
"145",249289,249807,4484926,2655037
"147",249855,259617,2654945,2644430
"150",259752,275158,2644432,2630957
"153",276162,284551,2629480,2621111
"155",286191,284927,3045102,2841169
"158",285763,286006,3902737,2842227
"161",289701,294269,2655562,2617590
"164",297322,299574,4560620,4558363
"165",299524,299588,4558413,375131
"167",299672,299588,375319,375030
"172",309917,310850,3663487,3417173
"175",311478,312987,3661923,3415033
"179",317045,317024,3360608,3029050
"183",309572,328331,2591035,2572168
"185",328471,334989,2572063,2565481
"188",339575,339610,3392343,3392217
"189",339575,339610,3392252,3392126
"191",341144,344157,2948304,2549646
"193",344254,350767,2549406,2544649
"196",352219,354904,4109234,520152
"198",354911,354969,684859,222179
"202",358869,360425,2537215,705549
"205",373052,373236,3106759,2522757
"208",373347,374335,2522491,781791
"209",374282,374386,781844,262878
"211",374274,374393,781696,781369
"212",374311,374393,781451,780554
"214",374466,374411,3427026,2518054
"217",374411,374466,4037322,225507
"219",374318,374473,781222,780765
"222",374588,374533,3427026,2518054
"225",374533,374588,4037322,225507
"227",374395,374595,2521129,781068
"228",374518,374595,781145,780765
"230",374708,374653,3427026,2518054
"232",374637,374708,4037338,225507
"234",374517,374715,2521251,2521173
"235",374640,374715,2521248,781068
"236",374640,374715,781143,780765
"238",377619,377449,2521235,780772
"242",377504,377522,2521235,2518036
"243",377442,377564,2518116,780772
"247",377619,377644,2521113,2518144
"249",374274,382899,2521372,2511463
"252",384031,388694,3148303,2508461
"255",388817,401164,2508363,1115970
"260",418175,418592,1863319,1489749
"262",420923,421486,1563955,1563392
"265",429175,435597,2462647,340053
"267",435534,435597,357763,357501
"268",435534,435740,357563,357683
"269",435659,435740,357762,357483
"271",435659,435742,2842501,340033
"272",435659,435742,340114,277704
"275",441100,450655,2443760,2434824
"277",450669,454585,2434749,277698
"280",458839,459566,2427710,2425981
"282",461695,461585,3422983,1513215
"284",461588,461634,4324710,1185108
"285",461586,461686,1185156,222128
"287",461418,461777,903479,845867
"289",461592,461830,1997379,684606
"292",462597,465884,2422591,2418661
"295",471280,471196,66730,66564
"299",475825,482556,3263054,2407423
"302",495781,499997,2605586,2390048
"304",501125,511343,2382529,1814359
"307",513835,522090,2356701,2347366
"310",525879,528398,3165890,2336812
"313",533325,532994,4054657,3004435
"314",533445,533457,3004889,2613010
"317",528532,542306,2327293,2313413
"319",543490,543234,2034577,1545764
"320",543020,543492,1545978,576288
"322",542997,543492,986952,259572
"324",544098,544022,2035244,259111
"330",542504,552253,2313213,2305145
"333",562921,565550,4292374,2291360
"336",566552,575053,3708683,1557494
"338",575171,575515,3702385,2276400
"340",575991,575991,3703402,868011
"342",585891,586125,1630273,1630507
"347",587902,589485,4552793,78293
"355",594319,594782,3297083,2251976
"358",594531,598766,2259425,2259055
"360",598098,603903,2252768,2247063
"363",610122,609582,2930900,1897716
"367",614197,616285,2977078,1984917
"369",616800,617323,3934439,3934953
"371",617436,617399,4452367,3733482
"372",617551,617440,3733634,2677042
"373",617324,617452,2677158,1983753
"376",618813,629104,2233747,2229451
"378",629297,630837,2228874,982095
"381",632298,633454,2225019,277706
"385",640466,640563,3602339,2540312
"386",640454,640563,2540421,1185059
"387",640460,640568,1185162,845956
"391",645940,650153,2196333,2192152
"393",650732,653857,2191549,2188435
"395",654928,657243,2187299,2183718
"398",669065,669944,3729019,3728146
"400",672305,675957,2169611,2165557
"403",679169,679919,3940188,3663225
"404",679764,680111,3663380,2157867
"407",682716,684699,2161424,2159456
"409",687417,687463,3194862,2153601
"411",687162,689806,2153569,2146705
"413",689808,697724,2146583,1900900
"415",699232,702719,1045672,1042168
"420",717925,722035,4249446,1291484
"423",731463,746258,2101289,1357896
"426",748629,748908,881163,663227
"429",749608,751784,2081271,2079036
"434",769153,788990,4118069,854980
"438",800652,800652,2058107,2044544
"442",802501,802362,2062375,2044525
"447",816119,816876,2062374,391706
"450",817035,817109,2765529,2171198
"451",816876,817109,2171431,567804
"452",816879,817109,568034,316253
"455",892250,908305,626689,615946
"460",938909,939610,1801964,1801266
"463",953416,953751,2756373,2058007
"464",953895,953870,2058151,2044525
"468",953767,956283,2062339,2062233
"471",976512,976200,2311930,574528
"473",977383,976279,1436894,985960
"474",976520,976279,986174,259111
"476",977330,976418,576767,259223
"477",976522,976852,259327,259570
"480",977382,977147,2312749,1545793
"483",977792,984470,2033078,2026345
"485",984530,997316,2025373,2012700
"487",997378,1000977,2009714,2006162
"489",1003595,1004474,2003610,2002107
"491",1018151,1017990,3423118,278314
"494",1017910,1018136,4324709,684621
"497",1017898,1018230,2424065,1997062
"501",1023257,1023188,4392658,4175760
"505",1018385,1029129,1996911,1986727
"508",1032719,1032703,3935086,2237965
"510",1030011,1041083,1986413,1974648
"514",1046286,1045604,4593176,1493331
"516",1045877,1046261,3217996,1969502
"518",1047956,1047320,4593151,1493352
"520",1047509,1047952,3218059,1971204
"523",1053692,1058699,3289946,249651
"526",1063432,1063507,4618192,666434
"527",1064882,1065056,667806,667980
"530",1069054,1076442,1954413,1946855
"532",1076454,1083250,1946044,1939196
"535",1083309,1093204,1939091,1929065
"539",1101638,1116015,4164090,1909302
"541",1116180,1117889,1909164,657280
"544",1118102,1118013,3720251,1641441
"545",1117888,1118100,1641567,1638467
"551",1129852,1130051,3259232,3259431
"552",1130268,1130268,3259648,2929577
"554",1120080,1135798,1907121,1890568
"557",1141356,1141687,3205680,1880905
"563",1149249,1149290,3392321,1235721
"565",1153094,1153669,4266438,1240387
"568",1167491,1168644,3671205,3670058
"570",1169757,1169971,1248188,1248393
"573",1181836,1182504,1584545,1585213
"579",1194093,1200020,2011079,626633
"583",1230874,1238210,1259122,1259124
"584",1242612,1242669,1263529,1263525
"588",1251249,1251498,4593170,1971433
"589",1251686,1251498,1971621,1969732
"591",1251663,1251676,3218007,1493580
"594",1253527,1257604,1273620,386609
"600",1268408,1270322,2585898,1542694
"603",1270732,1277723,1542590,1286635
"606",1278076,1277804,1287632,1286887
"608",1277976,1278098,4175561,1287238
"614",1283452,1283954,2798479,1293473
"615",1284622,1284675,1294139,277707
"619",1289755,1290532,1393606,1394377
"622",1293589,1293466,3617546,868012
"624",1293419,1293594,1558608,1557496
"628",1294459,1297242,3702402,1310567
"631",1312688,1312780,1327728,1327768
"632",1315413,1315563,1330383,1330413
"633",1329912,1330047,1344673,1344767
"634",1334485,1334846,1349171,1349502
"635",1335472,1335690,1350128,1350246
"636",1336501,1336873,1351057,345331
"640",1339624,1344521,3703605,1366933
"643",1351568,1356565,1388261,1388304
"645",1361799,1359397,1395923,1301486
"648",1363412,1364200,1398735,1398704
"650",1367793,1368532,1407495,1407954
"651",1371475,1370978,1410884,831760
"654",1373223,1373550,1435696,1435729
"655",1380739,1373582,1442919,985894
"657",1373866,1373651,2311930,575794
"658",1374005,1373660,576130,259111
"660",1374721,1374204,2312761,576311
"666",1393392,1399430,1486957,1487167
"671",1404752,1406375,2042889,378472
"674",1408134,1407850,4593191,3217856
"675",1407710,1408080,3217996,1969516
"678",1409340,1410515,1495173,1495202
"680",1415780,1414662,1498859,1110178
"687",1428885,1429180,3756007,2792033
"690",1437506,1438858,3707447,1517636
"691",1439103,1439186,1517881,1517882
"692",1440222,1440770,1518914,1518985
"695",1446822,1447243,4430001,1526213
"697",1449662,1449877,1533863,1534016
"699",1457491,1452039,1542608,1285313
"702",1459173,1458950,1544242,1278005
"704",1462201,1461975,2311930,575783
"705",1462933,1461984,576759,259097
"707",1463007,1462003,1436906,985968
"709",1462957,1462745,2312713,1545780
"713",1464661,1469227,4085839,4081255
"714",1468685,1469396,4081791,1553959
"716",1472024,1472191,1557056,1557175
"718",1472638,1472625,3702395,968064
"719",1472532,1472637,968157,868900
"721",1473582,1473579,3703391,1305259
"722",1473473,1473580,1305365,868024
"725",1481383,1481245,4592889,1493588
"727",1481261,1481425,3217996,1969722
"731",1488338,1493709,2906842,1609161
"734",1497180,1497067,3218011,1969788
"736",1497162,1497170,1971584,1493599
"740",1503144,1503810,1618214,1618243
"741",1504475,1504626,1618908,1619020
"742",1508116,1508426,1622509,846009
"744",1515625,1515794,1622920,1622988
"749",1522229,1523435,4554185,2266320
"750",1523390,1523726,2266365,1631051
"754",1532627,1530351,1662979,941121
"756",1537347,1532932,1665119,941121
"760",1540356,1541189,2217020,1665206
"761",1546956,1543102,1670956,812372
"765",1553188,1557866,3612817,1679404
"766",1565106,1565255,1686599,1686731
"768",1566901,1567021,4347326,1688434
"770",1575096,1575189,1703228,1534882
"771",1575114,1575227,1534955,758409
"772",1575110,1575275,758528,758451
"775",1576718,1576982,1704678,1704913
"777",1580975,1580652,1709095,1708667
"780",1580789,1580749,1709095,1708575
"781",1581065,1580842,1708900,1708575
"782",1581065,1580935,1708804,1708575
"786",1603537,1602465,1735959,247096
"790",1612523,1612527,1746592,1746434
"791",1612608,1612534,1746515,228934
"797",1619530,1619575,4324709,1185108
"798",1619527,1619609,1185156,278315
"800",1619524,1619633,2540412,903208
"802",1619533,1619708,1997379,845877
"804",1619527,1619775,2424056,684600
"810",1632818,1633392,4129297,1755369
"815",1637748,1640376,2944082,1997690
"819",1657903,1654283,1792184,785789
"822",1659984,1660879,1794158,1794170
"824",1666333,1666404,1799769,1799776
"826",1669611,1669803,1805270,1805325
"828",1674724,1675494,2983258,1810122
"831",1685155,1685154,1823289,339847
"834",1692979,1692880,3490161,1365662
"836",1699642,1699761,1840777,1840801
"837",1700357,1700844,1841397,1835581
"839",1703236,1703263,1843717,277673
"841",1709076,1709080,1850693,377430
"844",1709156,1709156,3547954,3217453
"846",1709085,1709203,3547974,1850859
"847",1710871,1710875,1852527,1843715
"849",1714014,1712751,1864734,1490012
"853",1717514,1717392,4583242,253341
"854",1717514,1717433,253463,127798
"857",1717392,1717514,803446,438152
"859",1717381,1717514,3071405,596982
"865",1727417,1730508,4299367,1879402
"867",1732086,1732881,2042016,1954592
"869",1735077,1733445,3716250,1061158
"873",1737561,1738622,3580988,1115940
"878",1749369,1760409,2469134,1427261
"879",1760282,1760758,1427388,1426453
"882",1774760,1778755,1640027,1121254
"885",1791949,1792247,1416450,1415951
"888",1796646,1796682,1652614,1412016
"892",1801950,1801953,4246941,278633
"895",1802168,1802232,2217030,684807
"896",1802189,1802232,684850,278354
"898",1802192,1802232,4324709,846015
"901",1802188,1802286,3602340,903217
"906",1808968,1808884,3602336,927689
"907",1808968,1808886,927773,845973
"910",1814774,1815497,3826970,1170527
"912",1816100,1816462,2063037,855099
"916",1826861,1826783,4094718,4094449
"918",1826862,1826861,4094627,3392258
"919",1826799,1826861,3392324,3392167
"921",1826869,1828383,1159352,438150
"924",1828416,1828502,1768866,190619
"927",1828383,1828507,4583244,1362515
"928",1828383,1828507,1362640,253340
"931",1834870,1841719,1151410,1144584
"933",1841832,1851688,1144586,1134716
"935",1851688,1858541,1134558,1127797
"937",1858696,1865940,1127772,1120649
"940",1870966,1873327,2496333,1113533
"943",1873402,1880919,1113380,1105755
"945",1881454,1889313,1105271,925835
"948",1889245,1889500,1097402,1096969
"949",1889245,1889650,1097221,277703
"953",1891093,1898148,1080805,1074230
"956",1898336,1902307,1068256,927691
"958",1902293,1902714,1177150,920445
"963",1918006,1921038,2540410,1998591
"964",1921120,1921431,1998673,1998972
"968",1937483,1953229,1031841,1015951
"970",1953319,1958640,1015931,856495
"973",1961388,1968482,1007662,278315
"975",1968403,1968497,4324709,222131
"979",1977303,1977033,2034553,1545793
"982",1977794,1977801,2035157,575804
"986",1976811,1979247,2312721,984515
"989",1979317,2002913,984297,961023
"993",2008895,2011129,3262361,2716066
"995",2005697,2014232,956704,944927
"998",2016015,2018280,1660293,1660537
"1000",2023616,2023689,935643,935609
"1001",2023624,2023869,935674,935158
"1003",2014319,2035737,944902,945131
"1004",2035572,2036253,945296,925835
"1006",2036110,2036261,1097659,758452
"1009",2036937,2042043,925543,846332
"1012",2043380,2046102,918207,915350
"1014",2046260,2055940,914872,905742
"1017",2066531,2068681,3461516,116144
"1021",2077813,2077769,4583161,903766
"1024",2077953,2078326,4583258,920716
"1026",2078492,2078468,3422980,278315
"1029",2078377,2078490,2424065,845954
"1030",2078389,2078491,846055,222123
"1032",2078389,2078627,4324709,684609
"1035",2077936,2081828,903764,902256
"1038",2088372,2088323,2540409,2216959
"1040",2088371,2089115,3588780,1181981
"1043",2084173,2101741,899633,662827
"1047",2108240,2108829,3705105,870967
"1051",2111889,2111756,3703402,1558429
"1052",2111894,2111888,1558567,1305246
"1054",2111761,2112257,2276883,1304898
"1056",2114800,2115515,4193558,864387
"1061",2120319,2123813,3582106,885881
"1066",2132876,2137485,2063189,851030
"1070",2142124,2142216,4325114,3589037
"1072",2142178,2142310,3908243,3422697
"1073",2142359,2142451,3422746,1177015
"1075",2142588,2142490,3344453,386591
"1078",2142486,2142570,3588782,278314
"1079",2142493,2142589,278391,222126
"1081",2142490,2142591,2217005,903210
"1083",2142490,2142597,4324709,2540299
"1084",2142490,2142611,2540406,1185032
"1086",2142322,2142722,2424224,1997150
"1087",2142493,2142732,1997379,684605
"1090",2142813,2147088,845588,838188
"1092",2147232,2147749,838066,837432
"1096",2151308,2156551,4546157,833024
"1098",2157072,2156951,3964703,3306845
"1099",2157074,2157079,3306968,1410386
"1101",2157470,2157579,2713395,1409889
"1104",2160262,2160919,3629107,3344027
"1107",2162808,2167380,3297085,821555
"1109",2167467,2172260,820590,815739
"1112",2179507,2180482,3220428,807433
"1114",2187034,2190764,807384,803489
"1117",2190835,2201915,803320,792353
"1120",2213605,2213634,2740992,1788558
"1124",2217653,2217586,2818407,2817924
"1125",2217651,2217603,2817990,781635
"1128",2217655,2217636,2817719,2521436
"1129",2217513,2217636,2521560,781760
"1130",2217550,2217754,781844,262878
"1132",2217584,2217761,781322,780843
"1133",2217586,2217761,781016,780554
"1136",2217861,2217792,2818407,2817922
"1137",2217859,2217792,2817990,2817649
"1138",2217863,2217962,2817719,262878
"1140",2217586,2217969,781543,780843
"1142",2217886,2217970,2521336,780553
"1144",2218082,2218028,2818407,2817937
"1145",2218080,2218183,2817990,262878
"1147",2217886,2218190,781660,780554
"1150",2218262,2218207,3427026,2518054
"1153",2218207,2218262,4037322,225507
"1155",2218115,2218269,2521328,2520931
"1156",2218194,2218323,2521006,780999
"1157",2217684,2218323,781654,780712
"1158",2218015,2218374,781016,262878
"1160",2218192,2218381,2521128,2521253
"1161",2218306,2218381,2521328,781577
"1162",2218306,2218381,781652,781147
"1163",2218306,2218381,781222,780843
"1167",2225403,2226136,1039735,1039030
"1169",2226831,2227776,1038335,771110
"1173",2241999,2244139,4347206,1327774
"1176",2253778,2257647,4381199,753184
"1179",2261412,2269591,747821,745919
"1182",2276217,2276860,4355586,741079
"1185",2286226,2289460,3108894,716941
"1187",2289545,2298719,715198,705961
"1191",2303959,2305251,1667836,699573
"1193",2305333,2307493,699374,696664
"1194",2307407,2307685,696750,696755
"1195",2307610,2307688,696830,696426
"1196",2307610,2307795,696504,696430
"1197",2307610,2307795,696616,696542
"1199",2307721,2307969,696939,696756
"1200",2307891,2307973,696834,696426
"1202",2307895,2308086,696939,696865
"1203",2307802,2308086,697143,696542
"1204",2307998,2308126,696630,696390
"1207",2308188,2311037,696276,277705
"1211",2318467,2318547,4324709,2540326
"1212",2318458,2318547,2540415,278314
"1214",2318457,2318688,903321,845834
"1218",2315473,2325511,687848,669935
"1224",2339368,2339226,1907435,1641409
"1225",2339347,2339347,1641530,1051485
"1228",2335244,2341939,661413,654608
"1230",2350801,2350610,3208611,802244
"1232",2342244,2355788,654536,190624
"1234",2355858,2355789,253420,127767
"1237",2355876,2355858,4583217,438195
"1239",2355788,2355868,803437,597015
"1242",2353513,2358290,641947,637131
"1244",2358888,2363384,636569,632181
"1248",2363444,2375534,631999,170219
"1250",2375533,2375892,4511044,619412
"1252",2376007,2385256,619361,610253
"1254",2385381,2388160,610001,329462
"1258",2392275,2401029,607425,604769
"1261",2405952,2409906,2241638,120410
"1263",2410592,2410997,1525474,421024
"1266",2415280,2420000,601834,597251
"1268",2420177,2423970,596972,586057
"1269",2423926,2424104,586101,564630
"1273",2429700,2432618,4547383,559031
"1275",2433579,2435538,558504,556660
"1277",2435629,2435614,4318000,2662506
"1278",2435545,2435614,2662575,2662415
"1281",2435621,2441251,556014,530172
"1287",2461034,2461740,4511687,170279
"1289",2468243,2468789,3607789,3608320
"1290",2468886,2469149,3608417,508874
"1293",2469260,2479409,508112,497968
"1295",2479442,2487236,497826,490136
"1297",2487898,2487568,3543730,2357138
"1298",2487895,2487573,2357464,147203
"1303",2496897,2493815,3663493,2587595
"1304",2496909,2497008,2590683,481205
"1307",2497309,2499479,480858,312373
"1310",2508873,2509065,2687387,472438
"1312",2509151,2517797,472417,464851
"1316",2517905,2551458,464800,431131
"1320",2557750,2558313,4583244,424355
"1324",2571457,2576232,3536346,412606
"1328",2582467,2585253,1093888,401731
"1332",2588807,2588454,4493117,2899662
"1334",2591295,2599347,400995,393058
"1336",2600832,2602381,390330,388752
"1338",2606431,2606333,2217008,903216
"1340",2606431,2606349,1185156,845976
"1341",2606428,2606384,846055,684803
"1344",2604371,2608003,388648,277675
"1348",2611105,2615044,3847871,1185393
"1349",2614981,2615281,1185456,520168
"1351",2615287,2615339,1997379,1185098
"1353",2615285,2615364,4324708,845975
"1355",2615287,2615364,903308,684767
"1358",2614517,2617145,279161,275149
"1362",2623299,2626351,4286970,349980
"1364",2628605,2628550,4204053,2613196
"1366",2628556,2628816,4054597,2687874
"1367",2628571,2629230,2688119,346821
"1371",2633000,2633843,3663512,3417289
"1374",2634174,2634606,3416954,482926
"1376",2634604,2635090,3661893,2588588
"1379",2635506,2636344,2588172,484720
"1383",2642421,2646022,4511043,3888838
"1385",2647122,2647499,3889959,3890281
"1387",2648547,2648691,3891338,3304574
"1393",2685720,2685536,3004805,2831379
"1394",2685720,2685624,2831563,1387578
"1397",2690767,2692702,1964911,248392
"1400",2705824,2705700,4583244,4459351
"1403",2712451,2712449,3344437,845975
"1408",2715917,2716671,3596364,3595622
"1409",2716589,2717320,3595704,3594849
"1410",2717254,2717741,3594915,3594401
"1414",2733983,2734038,2521315,781584
"1415",2733983,2734038,781639,781376
"1416",2733983,2734038,781431,781154
"1417",2733983,2734038,781209,780850
"1418",2733983,2734038,780905,780561
"1420",2737347,2737060,2034582,1545787
"1421",2736876,2737346,1545971,1436363
"1423",2736879,2737597,2312689,2034927
"1424",2737805,2737805,2035165,575803
"1426",2737515,2737815,2312017,1435828
"1427",2737434,2737872,1436245,985893
"1429",2733968,2741949,262948,254259
"1432",2742075,2744873,251946,244327
"1434",2745003,2749127,244122,239438
"1436",2749276,2749338,1746578,228928
"1439",2749255,2755500,237014,231000
"1441",2757597,2757659,1746578,236931
"1443",2760943,2757700,3426896,3423412
"1444",2757840,2757701,3423552,2726059
"1445",2761092,2760943,2729446,225637
"1452",2761111,2762925,4168265,4035322
"1455",2763307,2766242,4207602,4204635
"1457",2766246,2767189,2340374,461547
"1460",2777947,2790385,4189623,3470144
"1461",2791569,2791684,3471328,3423577
"1462",2791765,2791960,3423658,1287244
"1469",2795640,2795783,4171773,3946694
"1470",2795649,2795783,3946828,228750
"1473",2795655,2795919,4213162,3423825
"1474",2799156,2795919,3427056,2726226
"1478",2795919,2799052,4171599,2518150
"1479",2799133,2799053,2518231,2518036
"1481",2799071,2799126,2521235,2521058
"1482",2799071,2799126,2521113,2520938
"1483",2799071,2799126,2520993,781075
"1484",2799071,2799126,781130,780772
"1488",2801142,2799317,3428974,1746522
"1490",2801309,2801142,2731531,223559
"1493",2799242,2801308,4037222,3941434
"1496",2802780,2805462,4164840,4162156
"1498",2805530,2805642,2002001,2001968
"1499",2805608,2805721,2002001,2001967
"1502",2806882,2814147,4160839,4153696
"1504",2814163,2821121,4153350,863438
"1508",2826532,2827872,2503321,863642
"1511",2829749,2833137,4136015,4132461
"1513",2834593,2847357,4132266,4118806
"1515",2847482,2852124,4118760,3075542
"1518",2853434,2858256,4112736,2543029
"1521",2858913,2858929,4317982,66734
"1522",2858866,2858930,66794,66563
"1526",2858949,2866892,4108510,4101524
"1528",2867109,2869921,4101430,1843723
"1531",2873928,2875857,4094394,3756970
"1534",2878674,2884787,4086841,1547384
"1537",2890736,2894162,4079971,4075492
"1540",2897720,2906043,4075379,4064499
"1542",2906243,2908364,4067131,4063603
"1544",2914187,2914048,4204083,2322502
"1548",2914294,2914392,3004520,347217
"1551",2915150,2917350,4053417,4051243
"1553",2917317,2918564,4051311,253366
"1555",2918622,2918581,4583203,127799
"1558",2918564,2918622,3071370,803363
"1559",2918564,2918622,803421,597021
"1560",2918564,2918622,597079,438191
"1563",2923098,2926301,4044044,2726025
"1567",2926301,2926357,4171968,4040792
"1570",2926342,2929577,4213162,4168519
"1572",2929712,2929632,2518231,2518036
"1574",2929650,2929705,2521235,2521058
"1575",2929650,2929705,2521113,2520938
"1576",2929650,2929705,2520993,781075
"1577",2929650,2929705,781130,780772
"1581",2931812,2929896,3429064,1746522
"1587",2929925,2933097,4209737,2540366
"1588",2933045,2933100,2540418,684804
"1592",2944650,2959537,4358587,194852
"1596",2961636,2961761,4583243,1362514
"1599",2965653,2965569,2118557,508628
"1604",2965650,2965570,4027503,2291200
"1607",2965650,2965587,4618191,4063528
"1608",2965650,2965588,4063593,2340336
"1610",2965650,2965588,4614492,805919
"1612",2965650,2965588,4249445,411101
"1615",2965650,2965588,4614391,411203
"1618",2965654,2965616,4457222,508581
"1620",2965650,2965617,2549563,832353
"1622",2965654,2965617,4460502,2655033
"1624",2965656,2965617,4628850,610181
"1632",2965650,2965648,4373295,3392170
"1633",2965588,2965650,3392230,357684
"1634",2965569,2965650,357764,357484
"1635",2965569,2965650,357564,340036
"1637",2965570,2965650,375219,339757
"1639",2965570,2965650,375320,375031
"1641",2965588,2965650,3392321,374930
"1643",2965570,2965650,4326138,2443789
"1645",2965588,2965650,3392139,2133432
"1647",2965617,2965650,3705996,2917888
"1649",2965617,2965650,4409186,4127952
"1650",2965617,2965650,4127985,4080020
"1651",2965617,2965650,4080053,3639209
"1652",2965617,2965650,3639242,3330460
"1653",2965617,2965650,3330493,3070003
"1654",2965617,2965650,3070036,2538535
"1655",2965617,2965650,2538568,1816185
"1656",2965617,2965650,1816218,899696
"1657",2965617,2965650,899729,699425
"1659",2965616,2965650,3674415,489959
"1661",2965617,2965650,3592597,1062458
"1663",2965613,2965658,3216682,2347152
"1667",2971771,2972186,3382849,3381016
"1669",2969299,2978463,184104,175000
"1672",2983112,2986019,619779,167308
"1675",2986130,2993247,167265,160148
"1677",2993359,2997143,160109,148807
"1680",2997247,2998590,148810,146313
"1683",3001249,3008421,154661,142745
"1685",3008548,3008431,253465,190621
"1686",3008540,3008444,190731,127776
"1688",3008431,3008548,639626,438150
"1693",3008549,3021165,142741,130041
"1695",3022521,3025420,129340,125710
"1696",3025212,3025717,125918,125713
"1698",3025442,3026035,126597,126316
"1700",3030296,3030238,4429994,602031
"1704",3031735,3032181,3835913,3835467
"1706",3036664,3036600,4618192,173526
"1709",3038218,3042699,3459376,111662
"1711",3042757,3043264,1843823,1288679
"1715",3046922,3046799,3964352,107482
"1717",3046790,3046924,4583250,1362513
"1719",3046928,3066557,107474,87887
"1723",3075911,3082060,2264904,1381213
"1724",3082107,3082068,1381260,895436
"1726",3087855,3087770,2842501,1062453
"1727",3087812,3087855,1062494,66735
"1731",3087796,3095786,66620,57214
"1734",3102804,3102750,4296063,4295897
"1738",3102751,3102812,4409196,1843723
"1739",3102846,3103451,1843757,49720
"1741",3103591,3107742,49625,45807
"1744",3110612,3114010,1780212,1777958
"1745",3114165,3114393,1778113,39244
"1747",3114460,3118111,39105,35378
"1749",3118508,3118778,1464802,25709
"1752",3122575,3125314,32643,28251
"1754",3126999,3134425,28201,25814
"1757",3134590,3134588,2282923,339849
"1758",3134514,3134588,339922,339942
"1759",3134514,3134589,340015,339755
"1761",3134522,3141792,25775,17386
"1763",3144596,3145184,2658479,11988
"1766",3148170,3151662,2579592,5690
"1771",3158927,3158989,3536311,1057628
"1775",3159485,3162336,4635991,1735983
"1778",3166076,3166401,4630408,856486
"1781",3166403,3166687,4629976,1843722
"1784",3166761,3169521,4628553,4625898
"1786",3169622,3176121,4625866,3364544
"1790",3183790,3184654,4615526,4094651
"1791",3184694,3184654,4094691,4094467
"1792",3184694,3184693,4094507,4094468
"1794",3184761,3184693,4094718,4094560
"1798",3184764,3184722,4326241,3674435
"1799",3184763,3184723,3674476,758407
"1800",3184766,3184761,758450,173503
"1802",3184725,3184762,2304958,2304808
"1803",3184725,3184762,2304845,2304695
"1804",3184725,3184762,2304732,2304582
"1805",3184725,3184762,2304619,2304469
"1807",3184725,3184766,2581697,1929917
"1810",3187718,3192509,4611246,3982604
"1812",3192510,3192625,4606166,3982606
"1814",3192511,3192737,4606286,3982599
"1816",3192625,3192831,4606401,4606314
"1817",3192743,3193165,4606402,4605745
"1819",3194466,3198966,4605737,4603460
"1821",3199409,3206201,4602966,1971151
"1822",3207006,3206270,1971956,1969519
"1824",3206648,3206931,3218007,1493310
"1827",3209307,3209496,631081,631219
"1831",3210358,3216173,4589117,4570162
"1833",3217154,3217124,2423550,146984
"1839",3217384,3219805,4568489,3152272
"1842",3226002,3228995,4562638,3304744
"1845",3236535,3292571,4536030,343415
"1848",3293174,3298347,4490101,2655508
"1851",3294823,3305960,4488400,4479046
"1853",3306038,3307622,4478889,289311
"1857",3310446,3310628,3011840,340741
"1860",3311253,3312118,4478179,289305
"1865",3318850,3326239,4470328,4463054
"1868",3328916,3332625,2507184,1370777
"1871",3334451,3337465,4462962,4459899
"1873",3345310,3347742,4459856,4457313
"1875",3348064,3350766,4457159,1971186
"1876",3351445,3350805,1971865,1969524
"1878",3351176,3351371,3218005,1493400
"1881",3354229,3354126,2238071,1983769
"1884",3355469,3355542,2118597,805853
"1887",3359047,3368454,4448274,4438707
"1889",3368446,3374640,4437501,4432134
"1891",3375493,3374816,1971890,1969512
"1893",3375195,3375454,3218001,1493340
"1896",3377878,3378162,421766,121040
"1897",3378250,3378567,121128,121445
"1899",3378613,3378625,1525875,602031
"1904",3381601,3394780,4426610,4409248
"1907",3411301,3411447,4392437,1992042
"1910",3411445,3417281,4392660,489272
"1914",3417992,3425354,4385341,4376806
"1916",3426140,3428397,4376732,4374619
"1918",3428525,3429419,4374279,3956874
"1920",3429613,3430103,4373163,2656417
"1921",3430212,3430109,2656526,127769
"1923",3430120,3430212,4013005,438159
"1929",3442619,3443083,4542573,4542045
"1930",3443773,3443474,4542724,4541371
"1932",3446116,3446311,4545037,4545228
"1933",3450062,3448273,4548981,561746
"1937",3450791,3452660,4549710,1969721
"1940",3452825,3452825,3217996,1493604
"1946",3471479,3474527,4554247,3243407
"1949",3484616,3490661,4351723,1686765
"1953",3490820,3496291,4335665,4330275
"1956",3497802,3501123,4330219,4327035
"1958",3501346,3502625,4326837,2540684
"1959",3502571,3503045,2540738,903211
"1963",3501870,3513683,4325781,4313900
"1965",3514589,3517386,4313803,253332
"1968",3517518,3517438,4583242,127799
"1971",3517396,3517518,803446,596982
"1972",3517393,3517518,597107,438152
"1976",3518066,3518372,3934300,3733035
"1979",3524108,3524865,4310902,1602352
"1981",3525388,3525282,4452434,3935027
"1982",3525462,3525402,3935207,2237887
"1987",3530800,3530799,4640035,417420
"1990",3533607,3534391,4297213,277704
"1992",3534412,3534814,4618177,3682494
"1995",3536881,3538294,4293532,2294144
"1997",3540453,3543596,1750763,353045
"2001",3545239,3549395,4285252,1286609
"2002",3549453,3550032,1286667,247555
"2006",3554292,3556815,4278142,4275678
"2009",3557969,3565395,4518300,619650
"2013",3569233,3569345,1286663,1286609
"2016",3574064,3575350,4271007,4269393
"2019",3578191,3583076,2688119,763593
"2021",3583194,3585864,763475,762053
"2023",3586924,3588426,760957,759461
"2026",3590627,3595860,4266861,4261759
"2028",3599989,3607913,4260069,4252383
"2030",3607911,3610448,4250533,4247943
"2032",3611581,3611483,3589096,846290
"2036",3615905,3617074,4240738,1045916
"2039",3621200,3621262,4027504,4027344
"2043",3623187,3623193,2656529,803322
"2044",3623060,3623193,803455,596980
"2046",3623068,3623194,3071396,438149
"2049",3625850,3628067,4231672,339756
"2051",3627980,3628069,340026,339847
"2056",3634739,3641250,4220291,4213697
"2061",3641445,3641588,4171773,3946694
"2062",3641454,3641588,3946828,228750
"2065",3641460,3641724,4213162,2726226
"2070",3641724,3644970,4171599,2729551
"2075",3644970,3646941,4168265,3941442
"2078",3647517,3649072,925009,923817
"2080",3654372,3654424,3650758,173501
"2082",3659609,3656148,2744107,1788912
"2083",3656055,3656361,1789005,785900
"2085",3671398,3663738,2754000,192659
"2091",3701808,3704775,3734568,3218782
"2093",3705687,3705549,4592881,1493580
"2095",3705564,3705715,3218005,1971445
"2096",3705541,3705727,1971619,1969732
"2098",3711647,3712024,4453782,1983664
"2101",3735113,3733944,2794011,1365654
"2104",3738559,3738679,2798033,2798089
"2109",3749638,3749638,4583242,2807118
"2110",3756721,3754912,2814190,2482408
"2115",3760441,3760299,2818550,781476
"2116",3760230,3760299,781545,780951
"2117",3760232,3760299,781016,780662
"2119",3760711,3760499,2818550,2817648
"2120",3761120,3760569,2818275,781476
"2121",3760500,3760569,781545,780951
"2122",3760502,3760569,781016,780662
"2124",3760981,3760769,2818550,2817648
"2125",3761061,3760839,2817942,781476
"2126",3760770,3760839,781545,780662
"2129",3767116,3761042,2824452,2817783
"2133",3775468,3777063,3341544,2613010
"2135",3776671,3777064,4204204,2855549
"2136",3776782,3777067,2855831,2322366
"2138",3782976,3783127,2837445,2837587
"2140",3783645,3783331,3741582,2585217
"2143",3787385,3787581,3044507,3044703
"2144",3787966,3788110,3045091,2842636
"2145",3796482,3789579,2850988,2610799
"2147",3789967,3791894,2610423,2608547
"2149",3792165,3795175,2604589,2601349
"2153",3800059,3800145,4618205,2854300
"2154",3802255,3801317,2856410,2612932
"2155",3802027,3801781,2613642,1387772
"2158",3809484,3809573,2859654,339850
"2159",3809502,3809573,339922,339757
"2168",3817874,3817809,4013002,1279385
"2170",3817809,3817888,1768866,127769
"2173",3817776,3817902,4583244,253339
"2175",3823734,3817907,2877611,1362509
"2179",3830562,3830632,2894179,2894183
"2181",3831316,3831368,3956913,2894956
"2185",3843927,3844078,2909773,2909799
"2189",3851500,3851709,3754942,3270710
"2190",3852770,3852652,3271771,542005
"2193",3853636,3853971,2920194,2920529
"2194",3854170,3854230,2920728,2918061
"2198",3863133,3864433,3264969,1896933
"2202",3866793,3872389,4618176,1286591
"2206",3879953,3880018,3392342,3392188
"2207",3879953,3880035,3392251,1944218
"2212",3882291,3882471,3318289,438191
"2214",3882394,3882471,3071389,803363
"2215",3882394,3882471,803440,597021
"2217",3882428,3882514,3964311,2947382
"2220",3882519,3882699,3318289,438191
"2222",3882622,3882699,3071389,803363
"2223",3882622,3882699,803440,597021
"2225",3882656,3882742,3964311,2947382
"2228",3882747,3883442,3318289,2552664
"2230",3901690,3901709,4618177,3392258
"2231",3901627,3901709,3392344,3392167
"2232",3901627,3901711,3392253,277704
"2235",3908294,3908371,4618176,2972673
"2237",3912373,3912771,3938295,2241202
"2240",3914407,3914436,277741,173526
"2242",3914370,3914477,4618194,2977636
"2244",3919807,3920072,2984256,2984418
"2245",3921343,3920785,2985688,2326573
"2248",3926680,3926798,2988153,2185525
"2252",3941615,3940825,2999960,2867619
"2254",3942246,3942393,3033562,3033656
"2257",3947932,3949211,3996834,3040423
"2260",3954717,3953457,3045101,2841169
"2264",3954295,3954827,3902732,3046167
"2265",3957744,3957840,3049084,127797
"2267",3957799,3957922,803447,438151
"2269",3957799,3957922,3071396,596981
"2271",3961102,3960283,3052333,695901
"2276",3970669,3970801,3068886,3068963
"2277",3971657,3972236,3069819,531750
"2282",3982813,3986271,3073914,3074226
"2285",3989950,3993675,3773236,2579639
"2288",3994991,3994991,2229365,915038
"2290",3998080,3998170,3083924,3083936
"2292",4003902,4003891,3089678,2980769
"2294",4007126,4007248,3092822,3092879
"2298",4023594,4019816,3110450,2522976
"2301",4023464,4025849,4362674,237454
"2304",4035348,4035532,4546085,999982
"2308",4045555,4052115,4546009,3136666
"2309",4054113,4054411,3138663,1584490
"2310",4054485,4054648,1584564,1584727
"2313",4066498,4059536,3146788,2851993
"2316",4067326,4066710,1971839,1969522
"2318",4067083,4067330,3218005,1493347
"2322",4078736,4072862,3157451,775552
"2325",4086458,4085800,3166058,2338852
"2329",4095624,4095651,4618176,3173517
"2334",4102792,4106959,4413221,3184672
"2337",4112186,4112229,3199641,2430928
"2338",4112313,4112323,2431012,2430928
"2340",4112229,4112416,4249446,2430928
"2342",4112323,4112503,4249446,4249359
"2343",4112416,4112505,4249446,3199660
"2344",4115971,4116232,3203125,3203314
"2345",4118222,4118343,3205304,3205331
"2347",4131026,4131028,3212855,1362515
"2351",4133778,4134295,2785840,1894109
"2354",4137874,4140470,4138768,3215737
"2356",4142030,4142385,3217402,1971478
"2358",4142506,4142394,3218008,1969786
"2359",4142519,4142495,1969911,1493603
"2362",4147273,4144221,3220895,1971448
"2363",4144457,4144239,1971684,1969765
"2364",4144423,4144369,1969949,1493595
"2368",4149493,4149496,3233683,1735978
"2373",4155251,4155337,4249447,1534882
"2374",4155256,4155376,1534961,758409
"2376",4155345,4155427,1534959,758448
"2383",4165983,4166356,3253005,3253330
"2387",4180666,4172777,3267479,1896933
"2390",4173274,4173298,4470913,951282
"2394",4184581,4182785,3273567,541888
"2397",4189843,4188086,3281076,2175914
"2398",4187800,4188580,2176200,2175426
"2402",4203705,4203884,3298187,3298248
"2404",4208414,4208484,3303360,277705
"2410",4214409,4218479,3539427,253344
"2412",4218594,4218480,2656529,127761
"2414",4218592,4218567,4583236,438183
"2416",4218479,4218574,3071392,803351
"2417",4218479,4218574,803443,597009
"2420",4225250,4218600,3319980,639508
"2422",4223481,4223560,2947686,2947387
"2423",4223481,4223560,2947466,2947497
"2425",4256469,4244767,3353105,2829938
"2427",4247379,4247709,827919,386594
"2429",4247727,4247804,2540385,845957
"2432",4264082,4263708,3360616,3029395
"2435",4265337,4265533,3368920,3369036
"2436",4269087,4269194,3372587,3372683
"2439",4273645,4273664,3378871,758412
"2441",4278174,4275881,3383314,181219
"2446",4281109,4281784,3386129,327936
"2450",4286908,4286930,3390450,551476
"2452",4286966,4286933,4027604,715330
"2454",4286968,4286933,4554542,4285304
"2455",4287006,4286933,4285384,25764
"2460",4286966,4286933,4235456,805950
"2461",4286967,4286933,805984,216057
"2468",4286966,4286933,4027505,1041987
"2470",4286933,4286966,3877617,2133430
"2471",4286933,4286966,2133463,340034
"2472",4286933,4286966,340067,339848
"2475",4286933,4286966,4326282,4326049
"2476",4286933,4286966,4326082,4325949
"2477",4286933,4286966,4325982,2316881
"2478",4286933,4286966,2316914,2001966
"2481",4286933,4286970,4374529,2236644
"2483",4286933,4286976,4325882,3203221
"2487",4300611,4300710,3404458,2039502
"2489",4302557,4302953,3405285,3405367
"2491",4317143,4311872,3418610,485853
"2493",4316623,4313540,3663494,2587595
"2494",4316634,4316640,2590683,481300
"2497",4321419,4321519,4324706,903208
"2499",4321248,4321636,2424224,845835
"2500",4321236,4321654,846235,684609
"2503",4325340,4321844,3426896,2726051
"2507",4321823,4321993,4171795,4040505
"2508",4321823,4321993,4040675,228744
"2510",4321819,4322097,4213201,4175752
"2511",4322017,4322102,4175832,2726063
"2516",4322103,4325508,4171761,2729551
"2521",4322102,4327411,4213165,223467
"2527",4366536,4363376,3483181,48363
"2531",4377075,4377221,3485364,3485414
"2532",4380699,4380725,3488888,340034
"2533",4380811,4380725,340118,277705
"2537",4380810,4380791,2842504,25732
"2541",4385578,4380984,3493731,1830947
"2544",4388852,4389085,3496910,3496960
"2548",4405272,4405318,3512486,2133432
"2551",4413851,4414108,3521232,3521459
"2554",4425287,4425380,3534443,3534485
"2558",4433848,4433910,3542969,3216645
"2561",4436852,4437365,4521570,3576086
"2564",4437808,4440286,3956913,3564479
"2568",4446483,4446485,3560623,411077
"2569",4446571,4446485,411164,377434
"2573",4459270,4450010,3573741,3550422
"2574",4450494,4450956,3550906,3551359
"2575",4451271,4451694,3551674,3552088
"2577",4461279,4461371,3575660,3575706
"2578",4464502,4461814,3578835,3547459
"2580",4464523,4464533,4583152,1948696
"2582",4466590,4466844,3580848,3580917
"2585",4469569,4469933,3585013,3585050
"2586",4477333,4473526,3592495,2216926
"2587",4473607,4473605,2217007,1513219
"2589",4473899,4473900,3908240,895142
"2591",4473402,4473935,4247386,1380893
"2594",4482314,4477731,3597586,796932
"2596",4482319,4482306,3599688,1948605
"2597",4482440,4482348,1948739,438183
"2600",4482440,4482350,3071396,597015
"2601",4482440,4482422,597105,127774
"2603",4483219,4482433,3598368,2656417
"2605",4482317,4482443,4583242,253337
"2608",4484575,4483340,3599811,3596472
"2609",4484356,4485140,3597494,808482
"2613",4491451,4486745,3605252,3214253
"2615",4488539,4488483,4324709,1185097
"2616",4488543,4488548,1185157,1177044
"2618",4494928,4494706,3608639,509137
"2620",4500300,4499928,3612912,1674588
"2622",4516439,4516540,3613534,3613568
"2623",4521959,4520410,3618989,2276773
"2624",4520502,4520411,2276865,868030
"2626",4527253,4525397,3630832,828470
"2628",4531608,4531605,3639125,3134891
"2631",4534690,4533270,3642325,1712833
"2632",4533693,4534025,1713256,1713588
"2635",4546459,4545806,3671240,1246423
"2640",4562313,4562383,3685698,3150709
"2641",4562427,4562429,3150752,707890
"2644",4566057,4565972,4245218,173503
"2646",4566058,4566049,4027604,3392177
"2647",4565972,4566057,3392252,3392258
"2648",4565972,4566059,3392343,1944216
"2650",4576838,4576937,3699907,277705
"2652",4579719,4580298,3701834,2831353
"2653",4580608,4580608,2831660,2322369
"2657",4581628,4581628,4324706,968064
"2659",4582632,4582647,1558546,1305246
"2660",4582406,4582647,1305487,868012
"2664",4589587,4587617,3710652,2286220
"2667",4596065,4592919,3717203,1954591
"2668",4594997,4593223,1956678,1660232
"2669",4593157,4593851,1660298,1060815
"2672",4603373,4603092,3720316,1051448
"2673",4603257,4603123,1051613,657307
"2675",4603105,4603305,1641554,1638467
"2680",4614250,4614142,3935189,2237953
"2685",4624593,4621659,3744195,2837785
"2689",4630776,4630791,4424380,65842
"2691",4633488,4632178,3756603,1363928
"2693",4632813,4632923,1516095,1363207
"2695",4638918,4634156,3761980,2568850
"2698",4643029,4639068,3774194,3752963
"2699",4640204,4640339,3754099,3754183
"2703",4649813,4647010,3781017,3120467
"2707",4658730,4659647,3790082,3790318
"2713",4691531,4691214,3827287,1171250
"2718",4703757,4707041,4546181,3839174
"2719",4707968,4707055,3840087,220126
